{"version": 2, "width": 108, "height": 54, "timestamp": 1603485563, "env": {"SHELL": "/usr/local/bin/zsh", "TERM": "xterm-256color"}}
[3.752908, "o", "\b\b\b\u001b[24m\u001b[32my\u001b[24m\u001b[32ma\u001b[24m\u001b[32mr\u001b[32mn\u001b[39m"]
[3.853029, "o", " "]
[3.988577, "o", "\u001b[4mb\u001b[24m"]
[4.148971, "o", "\b\u001b[4mb\u001b[4mi\u001b[24m"]
[4.270209, "o", "\b\u001b[4mi\u001b[4mg\u001b[24m"]
[4.440661, "o", "\b\u001b[4mg\u001b[4mt\u001b[24m"]
[4.55194, "o", "\b\u001b[4mt\u001b[4me\u001b[24m"]
[4.633959, "o", "\b\u001b[4me\u001b[4ms\u001b[24m"]
[4.686933, "o", "\b\u001b[4ms\u001b[4mt\u001b[24m"]
[5.224951, "o", "\b\b\b\b\b\b\b\u001b[24mb\u001b[24mi\u001b[24mg\u001b[24mt\u001b[24me\u001b[24ms\u001b[24mt "]
[5.399858, "o", "\u001b[4mt\u001b[24m"]
[5.519638, "o", "\b\u001b[4mt\u001b[4me\u001b[24m"]
[5.608463, "o", "\b\u001b[4me\u001b[4ms\u001b[24m"]
[5.676345, "o", "\b\u001b[4ms\u001b[4mt\u001b[24m"]
[6.303576, "o", "\u001b[?1l\u001b>"]
[6.305762, "o", "\u001b[?2004l\r\r\n"]
[6.595307, "o", "\u001b[2K"]
[6.596498, "o", "\u001b[1G\u001b[1myarn run v1.22.4\u001b[22m\r\n"]
[6.660303, "o", "\u001b[2K"]
[6.660606, "o", "\u001b[1G\u001b[2m$ /Users/cowboyd/Code/@bigtest/bigtest-examples/todomvc/node_modules/.bin/bigtest test\u001b[22m\r\n"]
[8.381076, "o", "\u001b[32m✓\u001b[39m"]
[8.411784, "o", "\u001b[32m✓\u001b[39m"]
[8.417613, "o", "\u001b[32m✓\u001b[39m"]
[8.437885, "o", "\u001b[32m✓\u001b[39m"]
[8.465069, "o", "\u001b[32m✓\u001b[39m"]
[8.47164, "o", "\u001b[32m✓\u001b[39m"]
[8.498732, "o", "\u001b[32m✓\u001b[39m"]
[8.50087, "o", "\u001b[32m✓\u001b[39m"]
[8.505293, "o", "\u001b[32m✓\u001b[39m"]
[8.510224, "o", "\u001b[32m✓\u001b[39m"]
[8.512923, "o", "\u001b[32m✓\u001b[39m"]
[10.469731, "o", "\u001b[31m⨯\u001b[39m"]
[10.477441, "o", "\u001b[32m✓\u001b[39m"]
[10.484315, "o", "\u001b[32m✓\u001b[39m"]
[10.49626, "o", "\u001b[32m✓\u001b[39m"]
[10.499505, "o", "\u001b[32m✓\u001b[39m"]
[10.502835, "o", "\u001b[32m✓\u001b[39m"]
[10.511113, "o", "\u001b[32m✓\u001b[39m"]
[10.516761, "o", "\u001b[32m✓\u001b[39m"]
[10.522514, "o", "\u001b[32m✓\u001b[39m"]
[12.685902, "o", "\u001b[32m✓\u001b[39m"]
[12.692839, "o", "\u001b[32m✓\u001b[39m"]
[12.693801, "o", "\u001b[32m✓\u001b[39m"]
[12.695272, "o", "\u001b[32m✓\u001b[39m"]
[12.701309, "o", "\u001b[32m✓\u001b[39m"]
[12.708078, "o", "\r\n\r\n"]
[12.719653, "o", "\u001b[90m───────────────────────────────────────────────────────\u001b[39m\r\n\u001b[90m\u001b[39mChrome - macOS Catalina 10.15.7\r\n"]
[12.719722, "o", "Steps:      \u001b[32m8 ok,\u001b[39m \u001b[31m0 failed,\u001b[39m 0 disregarded\r\n"]
[12.719883, "o", "Assertions: \u001b[32m16 ok,\u001b[39m \u001b[31m1 failed,\u001b[39m 0 disregarded\r\n\r\n☲ All tests\r\n"]
[12.720041, "o", "  ☲ TodoMVC\r\n    \u001b[32m↪\u001b[39m visiting \"/\"\r\n"]
[12.720153, "o", "    ☲ with three items\r\n      \u001b[32m↪\u001b[39m create a TODO item 'buy some cheese'\r\n      \u001b[32m↪\u001b[39m create a TODO item 'feed the cat'\r\n      \u001b[32m↪\u001b[39m create a TODO item 'book a drs appointment'\r\n"]
[12.720305, "o", "      \u001b[31m⨯\u001b[39m footer matches filters: with items left 2 \r\n        and which is visible\r\n"]
[12.720446, "o", "\u001b[31m        \u001b[31m│ \u001b[39m\u001b[31mERROR footer does not match filters:\u001b[39m\r\n\u001b[31m        \u001b[31m│ \u001b[39m\u001b[31m\u001b[39m\r\n\u001b[31m        \u001b[31m│ \u001b[39m\u001b[31m┃ itemsLeft: 2 ┃ visible: true ┃\u001b[39m\r\n\u001b[31m        \u001b[31m│ \u001b[39m\u001b[31m┣━━━━━━━━━━━━━━╋━━━━━━━━━━━━━━━┫\u001b[39m\r\n\u001b[31m        \u001b[31m│ \u001b[39m\u001b[31m┃ ⨯ 3          ┃ ✓ true        ┃\u001b[39m\r\n\u001b[31m\u001b[39m"]
[12.720633, "o", "\u001b[90m───────────────────────────────────────────────────────\u001b[39m\r\n\u001b[90m\u001b[39m\u001b[31m⨯ FAILURE\u001b[39m\r\n\u001b[31m\u001b[39m"]
[12.75318, "o", "\u001b[2K\u001b[1G"]
[12.753356, "o", "\u001b[31merror\u001b[39m Command failed with exit code 1.\r\n"]
